danceability,energy,key,loudness,mode,speechiness,acousticness,instrumentalness,liveness,valence,tempo,type,id,uri,track_href,analysis_url,duration_ms,time_signature
0.842,0.734,1,-5.065,0,0.0588,0.0427,0,0.106,0.952,137.958,audio_features,4y3OI86AEP6PQoDE6olYhO,spotify:track:4y3OI86AEP6PQoDE6olYhO,https://api.spotify.com/v1/tracks/4y3OI86AEP6PQoDE6olYhO,https://api.spotify.com/v1/audio-analysis/4y3OI86AEP6PQoDE6olYhO,181040,4
0.76,0.479,2,-5.574,1,0.0466,0.556,0,0.0703,0.913,89.911,audio_features,3KkXRkHbMCARz0aVfEt68P,spotify:track:3KkXRkHbMCARz0aVfEt68P,https://api.spotify.com/v1/tracks/3KkXRkHbMCARz0aVfEt68P,https://api.spotify.com/v1/audio-analysis/3KkXRkHbMCARz0aVfEt68P,158040,4
0.833,0.539,11,-7.399,0,0.178,0.163,2.1e-06,0.101,0.385,99.947,audio_features,6MWtB6iiXyIwun0YzU6DFP,spotify:track:6MWtB6iiXyIwun0YzU6DFP,https://api.spotify.com/v1/tracks/6MWtB6iiXyIwun0YzU6DFP,https://api.spotify.com/v1/audio-analysis/6MWtB6iiXyIwun0YzU6DFP,149520,4
0.726,0.554,5,-5.29,0,0.0917,0.0421,0,0.106,0.335,169.999,audio_features,4kV4N9D1iKVxx1KLvtTpjS,spotify:track:4kV4N9D1iKVxx1KLvtTpjS,https://api.spotify.com/v1/tracks/4kV4N9D1iKVxx1KLvtTpjS,https://api.spotify.com/v1/audio-analysis/4kV4N9D1iKVxx1KLvtTpjS,190440,4
0.741,0.52,8,-7.513,1,0.0656,0.45,1.97e-06,0.222,0.347,102.998,audio_features,6Qs4SXO9dwPj5GKvVOv8Ki,spotify:track:6Qs4SXO9dwPj5GKvVOv8Ki,https://api.spotify.com/v1/tracks/6Qs4SXO9dwPj5GKvVOv8Ki,https://api.spotify.com/v1/audio-analysis/6Qs4SXO9dwPj5GKvVOv8Ki,171030,4
0.752,0.488,6,-7.05,1,0.0705,0.297,9.11e-06,0.0936,0.533,136.041,audio_features,5p7ujcrUXASCNwRaWNHR1C,spotify:track:5p7ujcrUXASCNwRaWNHR1C,https://api.spotify.com/v1/tracks/5p7ujcrUXASCNwRaWNHR1C,https://api.spotify.com/v1/audio-analysis/5p7ujcrUXASCNwRaWNHR1C,201661,4
0.687,0.792,5,-2.749,1,0.0452,0.191,0,0.167,0.671,100.015,audio_features,2dpaYNEQHiRxtZbfNsse99,spotify:track:2dpaYNEQHiRxtZbfNsse99,https://api.spotify.com/v1/tracks/2dpaYNEQHiRxtZbfNsse99,https://api.spotify.com/v1/audio-analysis/2dpaYNEQHiRxtZbfNsse99,214290,4
0.572,0.385,7,-6.362,1,0.0308,0.371,0,0.231,0.323,95.799,audio_features,2VxeLyX666F8uXCJ0dZF8B,spotify:track:2VxeLyX666F8uXCJ0dZF8B,https://api.spotify.com/v1/tracks/2VxeLyX666F8uXCJ0dZF8B,https://api.spotify.com/v1/audio-analysis/2VxeLyX666F8uXCJ0dZF8B,215733,4
0.837,0.364,8,-11.713,1,0.276,0.149,0,0.271,0.463,123.984,audio_features,2JvzF1RMd7lE3KmFlsyZD8,spotify:track:2JvzF1RMd7lE3KmFlsyZD8,https://api.spotify.com/v1/tracks/2JvzF1RMd7lE3KmFlsyZD8,https://api.spotify.com/v1/audio-analysis/2JvzF1RMd7lE3KmFlsyZD8,213594,4
0.719,0.704,1,-4.724,1,0.0476,0.0691,0,0.166,0.628,133.002,audio_features,25sgk305KZfyuqVBQIahim,spotify:track:25sgk305KZfyuqVBQIahim,https://api.spotify.com/v1/tracks/25sgk305KZfyuqVBQIahim,https://api.spotify.com/v1/audio-analysis/25sgk305KZfyuqVBQIahim,187436,4
0.708,0.418,0,-10.998,1,0.368,0.308,0.093,0.1,0.578,131.926,audio_features,2Fxmhks0bxGSBdJ92vM42m,spotify:track:2Fxmhks0bxGSBdJ92vM42m,https://api.spotify.com/v1/tracks/2Fxmhks0bxGSBdJ92vM42m,https://api.spotify.com/v1/audio-analysis/2Fxmhks0bxGSBdJ92vM42m,194088,4
0.599,0.733,11,-7.058,1,0.203,0.176,0,0.242,0.534,102.211,audio_features,7COXchtUOMd6uIT6HvmRaI,spotify:track:7COXchtUOMd6uIT6HvmRaI,https://api.spotify.com/v1/tracks/7COXchtUOMd6uIT6HvmRaI,https://api.spotify.com/v1/audio-analysis/7COXchtUOMd6uIT6HvmRaI,162583,4
0.889,0.496,4,-6.365,0,0.0905,0.259,0,0.252,0.544,86.003,audio_features,2IRZnDFmlqMuOrYOLnZZyc,spotify:track:2IRZnDFmlqMuOrYOLnZZyc,https://api.spotify.com/v1/tracks/2IRZnDFmlqMuOrYOLnZZyc,https://api.spotify.com/v1/audio-analysis/2IRZnDFmlqMuOrYOLnZZyc,180522,4
0.778,0.317,1,-10.732,0,0.334,0.592,0,0.0881,0.327,140.048,audio_features,6ocbgoVGwYJhOv1GgI9NsF,spotify:track:6ocbgoVGwYJhOv1GgI9NsF,https://api.spotify.com/v1/tracks/6ocbgoVGwYJhOv1GgI9NsF,https://api.spotify.com/v1/audio-analysis/6ocbgoVGwYJhOv1GgI9NsF,178627,4
0.674,0.881,9,-2.853,1,0.147,0.296,3.01e-06,0.0793,0.234,98.994,audio_features,5WHTFyqSii0lmT9R21abT8,spotify:track:5WHTFyqSii0lmT9R21abT8,https://api.spotify.com/v1/tracks/5WHTFyqSii0lmT9R21abT8,https://api.spotify.com/v1/audio-analysis/5WHTFyqSii0lmT9R21abT8,178480,4
0.759,0.73,0,-7.985,0,0.0516,0.145,3.06e-06,0.11,0.74,115.007,audio_features,7eBqSVxrzQZtK2mmgRG6lC,spotify:track:7eBqSVxrzQZtK2mmgRG6lC,https://api.spotify.com/v1/tracks/7eBqSVxrzQZtK2mmgRG6lC,https://api.spotify.com/v1/audio-analysis/7eBqSVxrzQZtK2mmgRG6lC,268434,4
0.717,0.653,1,-5.634,1,0.0658,0.229,0,0.101,0.412,106.966,audio_features,3e9HZxeyfWwjeyPAMmWSSQ,spotify:track:3e9HZxeyfWwjeyPAMmWSSQ,https://api.spotify.com/v1/tracks/3e9HZxeyfWwjeyPAMmWSSQ,https://api.spotify.com/v1/audio-analysis/3e9HZxeyfWwjeyPAMmWSSQ,207320,4
0.581,0.662,9,-5.239,1,0.303,0.0153,0,0.111,0.434,93.023,audio_features,1wJRveJZLSb1rjhnUHQiv6,spotify:track:1wJRveJZLSb1rjhnUHQiv6,https://api.spotify.com/v1/tracks/1wJRveJZLSb1rjhnUHQiv6,https://api.spotify.com/v1/audio-analysis/1wJRveJZLSb1rjhnUHQiv6,189487,4
0.834,0.73,8,-3.714,1,0.222,0.00513,0,0.124,0.446,155.008,audio_features,2xLMifQCjDGFmkHkpNLD9h,spotify:track:2xLMifQCjDGFmkHkpNLD9h,https://api.spotify.com/v1/tracks/2xLMifQCjDGFmkHkpNLD9h,https://api.spotify.com/v1/audio-analysis/2xLMifQCjDGFmkHkpNLD9h,312820,4
0.908,0.517,1,-6.063,1,0.129,0.0361,1.73e-06,0.0949,0.471,136.019,audio_features,53CJANUxooaqGOtdsBTh7O,spotify:track:53CJANUxooaqGOtdsBTh7O,https://api.spotify.com/v1/tracks/53CJANUxooaqGOtdsBTh7O,https://api.spotify.com/v1/audio-analysis/53CJANUxooaqGOtdsBTh7O,113013,4
0.791,0.565,5,-3.933,0,0.0439,0.0623,0,0.156,0.181,99.961,audio_features,5icOoE6VgqFKohjWWNp0Ac,spotify:track:5icOoE6VgqFKohjWWNp0Ac,https://api.spotify.com/v1/tracks/5icOoE6VgqFKohjWWNp0Ac,https://api.spotify.com/v1/audio-analysis/5icOoE6VgqFKohjWWNp0Ac,156347,4
0.51,0.835,3,-4.673,1,0.0447,0.00791,0,0.219,0.435,140.024,audio_features,11cDEev79fPKi6uJCjUhu8,spotify:track:11cDEev79fPKi6uJCjUhu8,https://api.spotify.com/v1/tracks/11cDEev79fPKi6uJCjUhu8,https://api.spotify.com/v1/audio-analysis/11cDEev79fPKi6uJCjUhu8,226747,4
0.501,0.405,1,-5.679,1,0.0319,0.751,0,0.105,0.446,109.891,audio_features,2TIlqbIneP0ZY1O0EzYLlc,spotify:track:2TIlqbIneP0ZY1O0EzYLlc,https://api.spotify.com/v1/tracks/2TIlqbIneP0ZY1O0EzYLlc,https://api.spotify.com/v1/audio-analysis/2TIlqbIneP0ZY1O0EzYLlc,182161,4
0.741,0.447,8,-9.015,0,0.388,0.316,0.121,0.187,0.551,184.98,audio_features,6IRdLKIyS4p7XNiP8r6rsx,spotify:track:6IRdLKIyS4p7XNiP8r6rsx,https://api.spotify.com/v1/tracks/6IRdLKIyS4p7XNiP8r6rsx,https://api.spotify.com/v1/audio-analysis/6IRdLKIyS4p7XNiP8r6rsx,168840,4
0.652,0.453,1,-6.119,1,0.0445,0.0519,0,0.179,0.432,88.038,audio_features,7DHApOHsIFo7EyfieArYGE,spotify:track:7DHApOHsIFo7EyfieArYGE,https://api.spotify.com/v1/tracks/7DHApOHsIFo7EyfieArYGE,https://api.spotify.com/v1/audio-analysis/7DHApOHsIFo7EyfieArYGE,177391,3
0.85,0.353,7,-10.267,1,0.334,0.389,6.68e-06,0.8,0.329,118.071,audio_features,3Fj47GNK2kUF0uaEDgXLaD,spotify:track:3Fj47GNK2kUF0uaEDgXLaD,https://api.spotify.com/v1/tracks/3Fj47GNK2kUF0uaEDgXLaD,https://api.spotify.com/v1/audio-analysis/3Fj47GNK2kUF0uaEDgXLaD,221543,4
0.888,0.395,8,-14.645,1,0.324,0.752,0.14,0.106,0.162,120.058,audio_features,4SSnFejRGlZikf02HLewEF,spotify:track:4SSnFejRGlZikf02HLewEF,https://api.spotify.com/v1/tracks/4SSnFejRGlZikf02HLewEF,https://api.spotify.com/v1/audio-analysis/4SSnFejRGlZikf02HLewEF,193143,4
0.512,0.128,9,-17.827,1,0.313,0.778,0.00118,0.277,0.0473,109.102,audio_features,4QIo4oxwzzafcBWkKjDpXY,spotify:track:4QIo4oxwzzafcBWkKjDpXY,https://api.spotify.com/v1/tracks/4QIo4oxwzzafcBWkKjDpXY,https://api.spotify.com/v1/audio-analysis/4QIo4oxwzzafcBWkKjDpXY,243725,4
0.938,0.311,1,-11.206,0,0.376,0.387,0.000126,0.104,0.557,100.014,audio_features,3Tc57t9l2O8FwQZtQOvPXK,spotify:track:3Tc57t9l2O8FwQZtQOvPXK,https://api.spotify.com/v1/tracks/3Tc57t9l2O8FwQZtQOvPXK,https://api.spotify.com/v1/audio-analysis/3Tc57t9l2O8FwQZtQOvPXK,179889,4
0.684,0.677,6,-4.034,1,0.0464,0.0754,0,0.133,0.595,130.141,audio_features,0uUNN1nSoUx1A4fkDCWDQ7,spotify:track:0uUNN1nSoUx1A4fkDCWDQ7,https://api.spotify.com/v1/tracks/0uUNN1nSoUx1A4fkDCWDQ7,https://api.spotify.com/v1/audio-analysis/0uUNN1nSoUx1A4fkDCWDQ7,184296,4
0.454,0.111,4,-14.038,1,0.0635,0.978,5.89e-05,0.0898,0.187,124.155,audio_features,43zdsphuZLzwA9k4DJhU0I,spotify:track:43zdsphuZLzwA9k4DJhU0I,https://api.spotify.com/v1/tracks/43zdsphuZLzwA9k4DJhU0I,https://api.spotify.com/v1/audio-analysis/43zdsphuZLzwA9k4DJhU0I,196077,3
0.596,0.552,0,-10.278,0,0.097,0.0765,0.334,0.104,0.112,97.949,audio_features,6zeeWid2sgw4lap2jV61PZ,spotify:track:6zeeWid2sgw4lap2jV61PZ,https://api.spotify.com/v1/tracks/6zeeWid2sgw4lap2jV61PZ,https://api.spotify.com/v1/audio-analysis/6zeeWid2sgw4lap2jV61PZ,229320,4
0.672,0.552,4,-10.512,1,0.174,0.449,0.152,0.138,0.259,150.469,audio_features,3XF5xLJHOQQRbWya6hBp7d,spotify:track:3XF5xLJHOQQRbWya6hBp7d,https://api.spotify.com/v1/tracks/3XF5xLJHOQQRbWya6hBp7d,https://api.spotify.com/v1/audio-analysis/3XF5xLJHOQQRbWya6hBp7d,180953,4
0.86,0.425,5,-15.158,0,0.0573,0.708,0.39,0.0909,0.564,120.016,audio_features,7qEKqBCD2vE5vIBsrUitpD,spotify:track:7qEKqBCD2vE5vIBsrUitpD,https://api.spotify.com/v1/tracks/7qEKqBCD2vE5vIBsrUitpD,https://api.spotify.com/v1/audio-analysis/7qEKqBCD2vE5vIBsrUitpD,156371,4
0.596,0.854,7,-5.114,0,0.463,0.0169,0,0.124,0.152,120.274,audio_features,2iUXsYOEPhVqEBwsqP70rE,spotify:track:2iUXsYOEPhVqEBwsqP70rE,https://api.spotify.com/v1/tracks/2iUXsYOEPhVqEBwsqP70rE,https://api.spotify.com/v1/audio-analysis/2iUXsYOEPhVqEBwsqP70rE,203418,4
0.423,0.123,0,-18.41,1,0.0391,0.955,0.00518,0.11,0.0972,137.045,audio_features,6CcJMwBtXByIz4zQLzFkKc,spotify:track:6CcJMwBtXByIz4zQLzFkKc,https://api.spotify.com/v1/tracks/6CcJMwBtXByIz4zQLzFkKc,https://api.spotify.com/v1/audio-analysis/6CcJMwBtXByIz4zQLzFkKc,291796,4
0.815,0.518,7,-6.594,0,0.0897,0.223,0,0.104,0.877,151.891,audio_features,1tNJrcVe6gwLEiZCtprs1u,spotify:track:1tNJrcVe6gwLEiZCtprs1u,https://api.spotify.com/v1/tracks/1tNJrcVe6gwLEiZCtprs1u,https://api.spotify.com/v1/audio-analysis/1tNJrcVe6gwLEiZCtprs1u,177667,4
0.632,0.686,6,-7.665,0,0.243,0.549,0,0.2,0.329,89.949,audio_features,7FGq80cy8juXBCD2nrqdWU,spotify:track:7FGq80cy8juXBCD2nrqdWU,https://api.spotify.com/v1/tracks/7FGq80cy8juXBCD2nrqdWU,https://api.spotify.com/v1/audio-analysis/7FGq80cy8juXBCD2nrqdWU,170770,4
0.551,0.44,10,-8.559,1,0.0985,0.606,3.02e-05,0.11,0.341,167.923,audio_features,5kfNriitmkNE8mUbZ7gbq8,spotify:track:5kfNriitmkNE8mUbZ7gbq8,https://api.spotify.com/v1/tracks/5kfNriitmkNE8mUbZ7gbq8,https://api.spotify.com/v1/audio-analysis/5kfNriitmkNE8mUbZ7gbq8,210667,4
0.892,0.507,0,-8.282,1,0.378,0.704,3.14e-05,0.109,0.695,143.96,audio_features,6tsOcBnaKgzK22yEiqRh8P,spotify:track:6tsOcBnaKgzK22yEiqRh8P,https://api.spotify.com/v1/tracks/6tsOcBnaKgzK22yEiqRh8P,https://api.spotify.com/v1/audio-analysis/6tsOcBnaKgzK22yEiqRh8P,158587,4
0.698,0.66,2,-5.429,0,0.083,0.043,0,0.186,0.351,119.214,audio_features,3qLBz3j26AHO2jBYUQWLA6,spotify:track:3qLBz3j26AHO2jBYUQWLA6,https://api.spotify.com/v1/tracks/3qLBz3j26AHO2jBYUQWLA6,https://api.spotify.com/v1/audio-analysis/3qLBz3j26AHO2jBYUQWLA6,181859,4
0.787,0.448,4,-7.671,0,0.0508,0.372,0,0.0779,0.471,138.03,audio_features,0TBFJanfWaByPIi3f7RR82,spotify:track:0TBFJanfWaByPIi3f7RR82,https://api.spotify.com/v1/tracks/0TBFJanfWaByPIi3f7RR82,https://api.spotify.com/v1/audio-analysis/0TBFJanfWaByPIi3f7RR82,215653,4
0.551,0.537,11,-7.595,1,0.034,0.705,0,0.0802,0.493,126.421,audio_features,2H4gf1wLxvYreMj1jcaN0k,spotify:track:2H4gf1wLxvYreMj1jcaN0k,https://api.spotify.com/v1/tracks/2H4gf1wLxvYreMj1jcaN0k,https://api.spotify.com/v1/audio-analysis/2H4gf1wLxvYreMj1jcaN0k,196493,4
0.738,0.861,2,-4.141,1,0.237,0.32,0.00175,0.325,0.58,131.974,audio_features,3VHrwffnUZFb7FidvPV3OA,spotify:track:3VHrwffnUZFb7FidvPV3OA,https://api.spotify.com/v1/tracks/3VHrwffnUZFb7FidvPV3OA,https://api.spotify.com/v1/audio-analysis/3VHrwffnUZFb7FidvPV3OA,189052,4
0.698,0.789,11,-5.736,1,0.203,0.126,0,0.0768,0.814,99.83,audio_features,4c2cdWv3GLKoP12tY0OzZl,spotify:track:4c2cdWv3GLKoP12tY0OzZl,https://api.spotify.com/v1/tracks/4c2cdWv3GLKoP12tY0OzZl,https://api.spotify.com/v1/audio-analysis/4c2cdWv3GLKoP12tY0OzZl,223387,4
0.613,0.739,10,-6.478,1,0.0311,0.526,0,0.149,0.712,104.966,audio_features,5FXVrJhAOEEGhV6UonjE9N,spotify:track:5FXVrJhAOEEGhV6UonjE9N,https://api.spotify.com/v1/tracks/5FXVrJhAOEEGhV6UonjE9N,https://api.spotify.com/v1/audio-analysis/5FXVrJhAOEEGhV6UonjE9N,211453,4
0.351,0.296,4,-10.109,0,0.0333,0.934,0,0.095,0.12,115.284,audio_features,1NJcg626wLln4pGHpiV7mf,spotify:track:1NJcg626wLln4pGHpiV7mf,https://api.spotify.com/v1/tracks/1NJcg626wLln4pGHpiV7mf,https://api.spotify.com/v1/audio-analysis/1NJcg626wLln4pGHpiV7mf,200186,4
0.729,0.545,0,-7.818,1,0.0316,0.0174,0.000274,0.369,0.514,103.012,audio_features,09oZ9eXQ2fo6YDrPzJqAoP,spotify:track:09oZ9eXQ2fo6YDrPzJqAoP,https://api.spotify.com/v1/tracks/09oZ9eXQ2fo6YDrPzJqAoP,https://api.spotify.com/v1/audio-analysis/09oZ9eXQ2fo6YDrPzJqAoP,177067,4
0.577,0.578,0,-9.146,0,0.0906,0.547,0.59,0.264,0.367,84.965,audio_features,2XKFnwB6djxrJCjR3PdeRb,spotify:track:2XKFnwB6djxrJCjR3PdeRb,https://api.spotify.com/v1/tracks/2XKFnwB6djxrJCjR3PdeRb,https://api.spotify.com/v1/audio-analysis/2XKFnwB6djxrJCjR3PdeRb,163973,4
0.901,0.4,0,-8.575,1,0.126,0.051,0,0.0599,0.346,135.984,audio_features,6TqXcAFInzjp0bODyvrWEq,spotify:track:6TqXcAFInzjp0bODyvrWEq,https://api.spotify.com/v1/tracks/6TqXcAFInzjp0bODyvrWEq,https://api.spotify.com/v1/audio-analysis/6TqXcAFInzjp0bODyvrWEq,197573,4
