danceability,energy,key,loudness,mode,speechiness,acousticness,instrumentalness,liveness,valence,tempo,type,id,uri,track_href,analysis_url,duration_ms,time_signature
0.842,0.734,1,-5.065,0,0.0588,0.0427,0,0.106,0.952,137.958,audio_features,4y3OI86AEP6PQoDE6olYhO,spotify:track:4y3OI86AEP6PQoDE6olYhO,https://api.spotify.com/v1/tracks/4y3OI86AEP6PQoDE6olYhO,https://api.spotify.com/v1/audio-analysis/4y3OI86AEP6PQoDE6olYhO,181040,4
0.76,0.479,2,-5.574,1,0.0466,0.556,0,0.0703,0.913,89.911,audio_features,3KkXRkHbMCARz0aVfEt68P,spotify:track:3KkXRkHbMCARz0aVfEt68P,https://api.spotify.com/v1/tracks/3KkXRkHbMCARz0aVfEt68P,https://api.spotify.com/v1/audio-analysis/3KkXRkHbMCARz0aVfEt68P,158040,4
0.833,0.539,11,-7.399,0,0.178,0.163,2.1e-06,0.101,0.385,99.947,audio_features,6MWtB6iiXyIwun0YzU6DFP,spotify:track:6MWtB6iiXyIwun0YzU6DFP,https://api.spotify.com/v1/tracks/6MWtB6iiXyIwun0YzU6DFP,https://api.spotify.com/v1/audio-analysis/6MWtB6iiXyIwun0YzU6DFP,149520,4
0.726,0.554,5,-5.29,0,0.0917,0.0421,0,0.106,0.335,169.999,audio_features,4kV4N9D1iKVxx1KLvtTpjS,spotify:track:4kV4N9D1iKVxx1KLvtTpjS,https://api.spotify.com/v1/tracks/4kV4N9D1iKVxx1KLvtTpjS,https://api.spotify.com/v1/audio-analysis/4kV4N9D1iKVxx1KLvtTpjS,190440,4
0.741,0.52,8,-7.513,1,0.0656,0.45,1.97e-06,0.222,0.347,102.998,audio_features,6Qs4SXO9dwPj5GKvVOv8Ki,spotify:track:6Qs4SXO9dwPj5GKvVOv8Ki,https://api.spotify.com/v1/tracks/6Qs4SXO9dwPj5GKvVOv8Ki,https://api.spotify.com/v1/audio-analysis/6Qs4SXO9dwPj5GKvVOv8Ki,171030,4
0.752,0.488,6,-7.05,1,0.0705,0.297,9.11e-06,0.0936,0.533,136.041,audio_features,5p7ujcrUXASCNwRaWNHR1C,spotify:track:5p7ujcrUXASCNwRaWNHR1C,https://api.spotify.com/v1/tracks/5p7ujcrUXASCNwRaWNHR1C,https://api.spotify.com/v1/audio-analysis/5p7ujcrUXASCNwRaWNHR1C,201661,4
0.719,0.704,1,-4.724,1,0.0476,0.0691,0,0.166,0.628,133.002,audio_features,25sgk305KZfyuqVBQIahim,spotify:track:25sgk305KZfyuqVBQIahim,https://api.spotify.com/v1/tracks/25sgk305KZfyuqVBQIahim,https://api.spotify.com/v1/audio-analysis/25sgk305KZfyuqVBQIahim,187436,4
0.572,0.385,7,-6.362,1,0.0308,0.371,0,0.231,0.323,95.799,audio_features,2VxeLyX666F8uXCJ0dZF8B,spotify:track:2VxeLyX666F8uXCJ0dZF8B,https://api.spotify.com/v1/tracks/2VxeLyX666F8uXCJ0dZF8B,https://api.spotify.com/v1/audio-analysis/2VxeLyX666F8uXCJ0dZF8B,215733,4
0.687,0.792,5,-2.749,1,0.0452,0.191,0,0.167,0.671,100.015,audio_features,2dpaYNEQHiRxtZbfNsse99,spotify:track:2dpaYNEQHiRxtZbfNsse99,https://api.spotify.com/v1/tracks/2dpaYNEQHiRxtZbfNsse99,https://api.spotify.com/v1/audio-analysis/2dpaYNEQHiRxtZbfNsse99,214290,4
0.708,0.418,0,-10.998,1,0.368,0.308,0.093,0.1,0.578,131.926,audio_features,2Fxmhks0bxGSBdJ92vM42m,spotify:track:2Fxmhks0bxGSBdJ92vM42m,https://api.spotify.com/v1/tracks/2Fxmhks0bxGSBdJ92vM42m,https://api.spotify.com/v1/audio-analysis/2Fxmhks0bxGSBdJ92vM42m,194088,4
0.599,0.733,11,-7.058,1,0.203,0.176,0,0.242,0.534,102.211,audio_features,7COXchtUOMd6uIT6HvmRaI,spotify:track:7COXchtUOMd6uIT6HvmRaI,https://api.spotify.com/v1/tracks/7COXchtUOMd6uIT6HvmRaI,https://api.spotify.com/v1/audio-analysis/7COXchtUOMd6uIT6HvmRaI,162583,4
0.778,0.317,1,-10.732,0,0.334,0.592,0,0.0881,0.327,140.048,audio_features,6ocbgoVGwYJhOv1GgI9NsF,spotify:track:6ocbgoVGwYJhOv1GgI9NsF,https://api.spotify.com/v1/tracks/6ocbgoVGwYJhOv1GgI9NsF,https://api.spotify.com/v1/audio-analysis/6ocbgoVGwYJhOv1GgI9NsF,178627,4
0.652,0.557,1,-5.714,0,0.0318,0.74,0,0.124,0.483,150.073,audio_features,2qxmye6gAegTMjLKEBoR3d,spotify:track:2qxmye6gAegTMjLKEBoR3d,https://api.spotify.com/v1/tracks/2qxmye6gAegTMjLKEBoR3d,https://api.spotify.com/v1/audio-analysis/2qxmye6gAegTMjLKEBoR3d,169354,4
0.717,0.653,1,-5.634,1,0.0658,0.229,0,0.101,0.412,106.966,audio_features,3e9HZxeyfWwjeyPAMmWSSQ,spotify:track:3e9HZxeyfWwjeyPAMmWSSQ,https://api.spotify.com/v1/tracks/3e9HZxeyfWwjeyPAMmWSSQ,https://api.spotify.com/v1/audio-analysis/3e9HZxeyfWwjeyPAMmWSSQ,207320,4
0.541,0.468,10,-4.039,0,0.362,0.404,3.65e-06,0.358,0.69,95.266,audio_features,1WSGTYKLEpKfNQYYW5Oymt,spotify:track:1WSGTYKLEpKfNQYYW5Oymt,https://api.spotify.com/v1/tracks/1WSGTYKLEpKfNQYYW5Oymt,https://api.spotify.com/v1/audio-analysis/1WSGTYKLEpKfNQYYW5Oymt,158027,4
0.747,0.57,1,-6.711,1,0.081,0.0642,0,0.0832,0.65,133.992,audio_features,0PG9fbaaHFHfre2gUVo7AN,spotify:track:0PG9fbaaHFHfre2gUVo7AN,https://api.spotify.com/v1/tracks/0PG9fbaaHFHfre2gUVo7AN,https://api.spotify.com/v1/audio-analysis/0PG9fbaaHFHfre2gUVo7AN,200890,4
0.51,0.835,3,-4.673,1,0.0447,0.00791,0,0.219,0.435,140.024,audio_features,11cDEev79fPKi6uJCjUhu8,spotify:track:11cDEev79fPKi6uJCjUhu8,https://api.spotify.com/v1/tracks/11cDEev79fPKi6uJCjUhu8,https://api.spotify.com/v1/audio-analysis/11cDEev79fPKi6uJCjUhu8,226747,4
0.791,0.565,5,-3.933,0,0.0439,0.0623,0,0.156,0.181,99.961,audio_features,5icOoE6VgqFKohjWWNp0Ac,spotify:track:5icOoE6VgqFKohjWWNp0Ac,https://api.spotify.com/v1/tracks/5icOoE6VgqFKohjWWNp0Ac,https://api.spotify.com/v1/audio-analysis/5icOoE6VgqFKohjWWNp0Ac,156347,4
0.574,0.758,1,-5.029,0,0.0621,0.0969,0,0.395,0.492,144.111,audio_features,5JEx7HbmvHQQswJCsoo9rA,spotify:track:5JEx7HbmvHQQswJCsoo9rA,https://api.spotify.com/v1/tracks/5JEx7HbmvHQQswJCsoo9rA,https://api.spotify.com/v1/audio-analysis/5JEx7HbmvHQQswJCsoo9rA,182623,4
0.514,0.618,11,-4.585,0,0.0317,0.175,0,0.117,0.401,84.259,audio_features,0i0wnv9UoFdZ5MfuFGQzMy,spotify:track:0i0wnv9UoFdZ5MfuFGQzMy,https://api.spotify.com/v1/tracks/0i0wnv9UoFdZ5MfuFGQzMy,https://api.spotify.com/v1/audio-analysis/0i0wnv9UoFdZ5MfuFGQzMy,150333,4
0.684,0.677,6,-4.034,1,0.0464,0.0754,0,0.133,0.595,130.141,audio_features,0uUNN1nSoUx1A4fkDCWDQ7,spotify:track:0uUNN1nSoUx1A4fkDCWDQ7,https://api.spotify.com/v1/tracks/0uUNN1nSoUx1A4fkDCWDQ7,https://api.spotify.com/v1/audio-analysis/0uUNN1nSoUx1A4fkDCWDQ7,184296,4
0.85,0.353,7,-10.267,1,0.334,0.389,6.68e-06,0.8,0.329,118.071,audio_features,3Fj47GNK2kUF0uaEDgXLaD,spotify:track:3Fj47GNK2kUF0uaEDgXLaD,https://api.spotify.com/v1/tracks/3Fj47GNK2kUF0uaEDgXLaD,https://api.spotify.com/v1/audio-analysis/3Fj47GNK2kUF0uaEDgXLaD,221543,4
0.888,0.395,8,-14.645,1,0.324,0.752,0.14,0.106,0.162,120.058,audio_features,4SSnFejRGlZikf02HLewEF,spotify:track:4SSnFejRGlZikf02HLewEF,https://api.spotify.com/v1/tracks/4SSnFejRGlZikf02HLewEF,https://api.spotify.com/v1/audio-analysis/4SSnFejRGlZikf02HLewEF,193143,4
0.638,0.717,2,-4.722,1,0.0337,0.346,0,0.105,0.249,100.027,audio_features,4VUwkH455At9kENOfzTqmF,spotify:track:4VUwkH455At9kENOfzTqmF,https://api.spotify.com/v1/tracks/4VUwkH455At9kENOfzTqmF,https://api.spotify.com/v1/audio-analysis/4VUwkH455At9kENOfzTqmF,180000,4
0.509,0.689,1,-4.929,0,0.102,0.0209,0,0.301,0.297,170.087,audio_features,4n7jnSxVLd8QioibtTDBDq,spotify:track:4n7jnSxVLd8QioibtTDBDq,https://api.spotify.com/v1/tracks/4n7jnSxVLd8QioibtTDBDq,https://api.spotify.com/v1/audio-analysis/4n7jnSxVLd8QioibtTDBDq,193798,4
0.596,0.552,0,-10.278,0,0.097,0.0765,0.334,0.104,0.112,97.949,audio_features,6zeeWid2sgw4lap2jV61PZ,spotify:track:6zeeWid2sgw4lap2jV61PZ,https://api.spotify.com/v1/tracks/6zeeWid2sgw4lap2jV61PZ,https://api.spotify.com/v1/audio-analysis/6zeeWid2sgw4lap2jV61PZ,229320,4
0.454,0.111,4,-14.038,1,0.0635,0.978,5.89e-05,0.0898,0.187,124.155,audio_features,43zdsphuZLzwA9k4DJhU0I,spotify:track:43zdsphuZLzwA9k4DJhU0I,https://api.spotify.com/v1/tracks/43zdsphuZLzwA9k4DJhU0I,https://api.spotify.com/v1/audio-analysis/43zdsphuZLzwA9k4DJhU0I,196077,3
0.693,0.604,11,-5.279,1,0.0427,0.0668,0,0.114,0.651,75.014,audio_features,6Yx181fZzA0YE2EkUsYruq,spotify:track:6Yx181fZzA0YE2EkUsYruq,https://api.spotify.com/v1/tracks/6Yx181fZzA0YE2EkUsYruq,https://api.spotify.com/v1/audio-analysis/6Yx181fZzA0YE2EkUsYruq,179930,4
0.551,0.44,10,-8.559,1,0.0985,0.606,3.02e-05,0.11,0.341,167.923,audio_features,5kfNriitmkNE8mUbZ7gbq8,spotify:track:5kfNriitmkNE8mUbZ7gbq8,https://api.spotify.com/v1/tracks/5kfNriitmkNE8mUbZ7gbq8,https://api.spotify.com/v1/audio-analysis/5kfNriitmkNE8mUbZ7gbq8,210667,4
0.632,0.686,6,-7.665,0,0.243,0.549,0,0.2,0.329,89.949,audio_features,7FGq80cy8juXBCD2nrqdWU,spotify:track:7FGq80cy8juXBCD2nrqdWU,https://api.spotify.com/v1/tracks/7FGq80cy8juXBCD2nrqdWU,https://api.spotify.com/v1/audio-analysis/7FGq80cy8juXBCD2nrqdWU,170770,4
0.737,0.747,10,-4.818,1,0.0323,0.269,0,0.219,0.447,105.943,audio_features,1ZLrDPgR7mvuTco3rQK8Pk,spotify:track:1ZLrDPgR7mvuTco3rQK8Pk,https://api.spotify.com/v1/tracks/1ZLrDPgR7mvuTco3rQK8Pk,https://api.spotify.com/v1/audio-analysis/1ZLrDPgR7mvuTco3rQK8Pk,192453,4
0.892,0.507,0,-8.282,1,0.378,0.704,3.14e-05,0.109,0.695,143.96,audio_features,6tsOcBnaKgzK22yEiqRh8P,spotify:track:6tsOcBnaKgzK22yEiqRh8P,https://api.spotify.com/v1/tracks/6tsOcBnaKgzK22yEiqRh8P,https://api.spotify.com/v1/audio-analysis/6tsOcBnaKgzK22yEiqRh8P,158587,4
0.423,0.634,6,-5.877,0,0.0578,0.196,0,0.189,0.467,150.978,audio_features,0lks2Kt9veMOFEAPN0fsqN,spotify:track:0lks2Kt9veMOFEAPN0fsqN,https://api.spotify.com/v1/tracks/0lks2Kt9veMOFEAPN0fsqN,https://api.spotify.com/v1/audio-analysis/0lks2Kt9veMOFEAPN0fsqN,195840,4
0.797,0.543,11,-5.744,1,0.0439,0.0202,0,0.0726,0.164,115.036,audio_features,45ZGEdLxCZvdMX9jWlsAAx,spotify:track:45ZGEdLxCZvdMX9jWlsAAx,https://api.spotify.com/v1/tracks/45ZGEdLxCZvdMX9jWlsAAx,https://api.spotify.com/v1/audio-analysis/45ZGEdLxCZvdMX9jWlsAAx,222621,4
0.751,0.642,3,-5.165,0,0.087,0.0861,0,0.0953,0.388,95.045,audio_features,2wVDWtLKXunswWecARNILj,spotify:track:2wVDWtLKXunswWecARNILj,https://api.spotify.com/v1/tracks/2wVDWtLKXunswWecARNILj,https://api.spotify.com/v1/audio-analysis/2wVDWtLKXunswWecARNILj,169567,4
0.538,0.409,9,-6.581,0,0.0505,0.172,0,0.11,0.265,171.838,audio_features,3id2EVGKc3eFAMn9nFnB0r,spotify:track:3id2EVGKc3eFAMn9nFnB0r,https://api.spotify.com/v1/tracks/3id2EVGKc3eFAMn9nFnB0r,https://api.spotify.com/v1/audio-analysis/3id2EVGKc3eFAMn9nFnB0r,205440,4
0.671,0.859,4,-3.922,0,0.0833,0.0323,0,0.267,0.389,139.931,audio_features,2aI2k39nfa3KFsa4JclQzw,spotify:track:2aI2k39nfa3KFsa4JclQzw,https://api.spotify.com/v1/tracks/2aI2k39nfa3KFsa4JclQzw,https://api.spotify.com/v1/audio-analysis/2aI2k39nfa3KFsa4JclQzw,209355,4
0.786,0.853,8,-2.687,1,0.0816,0.0688,0,0.0759,0.45,125.034,audio_features,1Zyd6zQnC6XIIzmg3hP7Ot,spotify:track:1Zyd6zQnC6XIIzmg3hP7Ot,https://api.spotify.com/v1/tracks/1Zyd6zQnC6XIIzmg3hP7Ot,https://api.spotify.com/v1/audio-analysis/1Zyd6zQnC6XIIzmg3hP7Ot,213264,4
0.551,0.537,11,-7.595,1,0.034,0.705,0,0.0802,0.493,126.421,audio_features,2H4gf1wLxvYreMj1jcaN0k,spotify:track:2H4gf1wLxvYreMj1jcaN0k,https://api.spotify.com/v1/tracks/2H4gf1wLxvYreMj1jcaN0k,https://api.spotify.com/v1/audio-analysis/2H4gf1wLxvYreMj1jcaN0k,196493,4
0.738,0.861,2,-4.141,1,0.237,0.32,0.00175,0.325,0.58,131.974,audio_features,3VHrwffnUZFb7FidvPV3OA,spotify:track:3VHrwffnUZFb7FidvPV3OA,https://api.spotify.com/v1/tracks/3VHrwffnUZFb7FidvPV3OA,https://api.spotify.com/v1/audio-analysis/3VHrwffnUZFb7FidvPV3OA,189052,4
0.79,0.853,11,-4.564,0,0.0665,0.00116,4.23e-05,0.329,0.713,124.998,audio_features,0GU5GuJQQEnnREO2FxnVPT,spotify:track:0GU5GuJQQEnnREO2FxnVPT,https://api.spotify.com/v1/tracks/0GU5GuJQQEnnREO2FxnVPT,https://api.spotify.com/v1/audio-analysis/0GU5GuJQQEnnREO2FxnVPT,199874,4
0.351,0.296,4,-10.109,0,0.0333,0.934,0,0.095,0.12,115.284,audio_features,1NJcg626wLln4pGHpiV7mf,spotify:track:1NJcg626wLln4pGHpiV7mf,https://api.spotify.com/v1/tracks/1NJcg626wLln4pGHpiV7mf,https://api.spotify.com/v1/audio-analysis/1NJcg626wLln4pGHpiV7mf,200186,4
0.729,0.545,0,-7.818,1,0.0316,0.0174,0.000274,0.369,0.514,103.012,audio_features,09oZ9eXQ2fo6YDrPzJqAoP,spotify:track:09oZ9eXQ2fo6YDrPzJqAoP,https://api.spotify.com/v1/tracks/09oZ9eXQ2fo6YDrPzJqAoP,https://api.spotify.com/v1/audio-analysis/09oZ9eXQ2fo6YDrPzJqAoP,177067,4
0.577,0.578,0,-9.146,0,0.0906,0.547,0.59,0.264,0.367,84.965,audio_features,2XKFnwB6djxrJCjR3PdeRb,spotify:track:2XKFnwB6djxrJCjR3PdeRb,https://api.spotify.com/v1/tracks/2XKFnwB6djxrJCjR3PdeRb,https://api.spotify.com/v1/audio-analysis/2XKFnwB6djxrJCjR3PdeRb,163973,4
0.901,0.4,0,-8.575,1,0.126,0.051,0,0.0599,0.346,135.984,audio_features,6TqXcAFInzjp0bODyvrWEq,spotify:track:6TqXcAFInzjp0bODyvrWEq,https://api.spotify.com/v1/tracks/6TqXcAFInzjp0bODyvrWEq,https://api.spotify.com/v1/audio-analysis/6TqXcAFInzjp0bODyvrWEq,197573,4
0.626,0.654,6,-4.113,0,0.0571,0.111,0,0.143,0.431,129.856,audio_features,0zYqFyhiTj419q56lNsjk0,spotify:track:0zYqFyhiTj419q56lNsjk0,https://api.spotify.com/v1/tracks/0zYqFyhiTj419q56lNsjk0,https://api.spotify.com/v1/audio-analysis/0zYqFyhiTj419q56lNsjk0,201081,4
0.762,0.782,1,-3.563,0,0.0484,0.0186,0,0.0744,0.389,124.966,audio_features,6Ks1e4WEUeOGgnTGZ4IMXo,spotify:track:6Ks1e4WEUeOGgnTGZ4IMXo,https://api.spotify.com/v1/tracks/6Ks1e4WEUeOGgnTGZ4IMXo,https://api.spotify.com/v1/audio-analysis/6Ks1e4WEUeOGgnTGZ4IMXo,191226,4
0.484,0.423,4,-5.056,0,0.027,0.42,0,0.0924,0.24,110.727,audio_features,7mW8ar9hy7GSeH4lohyOKs,spotify:track:7mW8ar9hy7GSeH4lohyOKs,https://api.spotify.com/v1/tracks/7mW8ar9hy7GSeH4lohyOKs,https://api.spotify.com/v1/audio-analysis/7mW8ar9hy7GSeH4lohyOKs,191030,4
0.691,0.904,11,-6.167,0,0.077,0.0359,3.73e-05,0.0733,0.703,145.034,audio_features,4HGLNErVXyaDEjHvk3cL5B,spotify:track:4HGLNErVXyaDEjHvk3cL5B,https://api.spotify.com/v1/tracks/4HGLNErVXyaDEjHvk3cL5B,https://api.spotify.com/v1/audio-analysis/4HGLNErVXyaDEjHvk3cL5B,201225,4
0.639,0.87,9,-3.43,0,0.0715,0.0187,0.000201,0.0656,0.531,108.473,audio_features,0ZOkSl1fZHaDYmgSKBDOyB,spotify:track:0ZOkSl1fZHaDYmgSKBDOyB,https://api.spotify.com/v1/tracks/0ZOkSl1fZHaDYmgSKBDOyB,https://api.spotify.com/v1/audio-analysis/0ZOkSl1fZHaDYmgSKBDOyB,233947,4
